{
	"credit": "Made with Blockbench",
	"parent": "block/block",
	"texture_size": [64, 64],
	"textures": {
		"particle": "create:block/metal_bracket",
		"bracket": "create:block/metal_bracket"
	},
	"elements": [
		{
			"from": [0.99, -0.01, 0.99],
			"to": [15.01, 3.01, 15.01],
			"faces": {
				"north": {"uv": [3.5, 3.5, 7, 4.25], "texture": "#bracket"},
				"east": {"uv": [0, 3.5, 3.5, 4.25], "texture": "#bracket"},
				"south": {"uv": [10.5, 3.5, 14, 4.25], "texture": "#bracket"},
				"west": {"uv": [7, 3.5, 10.5, 4.25], "texture": "#bracket"},
				"up": {"uv": [7, 3.5, 3.5, 0], "texture": "#bracket"},
				"down": {"uv": [10.5, 0, 7, 3.5], "texture": "#bracket"}
			}
		},
		{
			"from": [2, 1, 3],
			"to": [5, 10, 6],
			"faces": {
				"north": {"uv": [0.75, 0.75, 1.5, 3], "texture": "#bracket"},
				"east": {"uv": [0, 0.75, 0.75, 3], "texture": "#bracket"},
				"south": {"uv": [2.25, 0.75, 3, 3], "texture": "#bracket"},
				"west": {"uv": [1.5, 0.75, 2.25, 3], "texture": "#bracket"},
				"up": {"uv": [1.5, 0.75, 0.75, 0], "texture": "#bracket"},
				"down": {"uv": [2.25, 0, 1.5, 0.75], "texture": "#bracket"}
			}
		},
		{
			"from": [11, 1, 3],
			"to": [14, 10, 6],
			"faces": {
				"north": {"uv": [0.75, 0.75, 1.5, 3], "texture": "#bracket"},
				"east": {"uv": [0, 0.75, 0.75, 3], "texture": "#bracket"},
				"south": {"uv": [2.25, 0.75, 3, 3], "texture": "#bracket"},
				"west": {"uv": [1.5, 0.75, 2.25, 3], "texture": "#bracket"},
				"up": {"uv": [1.5, 0.75, 0.75, 0], "texture": "#bracket"},
				"down": {"uv": [2.25, 0, 1.5, 0.75], "texture": "#bracket"}
			}
		},
		{
			"from": [2, 1, 10],
			"to": [5, 10, 13],
			"faces": {
				"north": {"uv": [0.75, 0.75, 1.5, 3], "texture": "#bracket"},
				"east": {"uv": [0, 0.75, 0.75, 3], "texture": "#bracket"},
				"south": {"uv": [2.25, 0.75, 3, 3], "texture": "#bracket"},
				"west": {"uv": [1.5, 0.75, 2.25, 3], "texture": "#bracket"},
				"up": {"uv": [1.5, 0.75, 0.75, 0], "texture": "#bracket"},
				"down": {"uv": [2.25, 0, 1.5, 0.75], "texture": "#bracket"}
			}
		},
		{
			"from": [1, 10, 10],
			"to": [15, 13, 13],
			"faces": {
				"north": {"uv": [0.75, 5, 4.25, 5.75], "texture": "#bracket"},
				"east": {"uv": [0, 5, 0.75, 5.75], "texture": "#bracket"},
				"south": {"uv": [5, 5, 8.5, 5.75], "texture": "#bracket"},
				"west": {"uv": [4.25, 5, 5, 5.75], "texture": "#bracket"},
				"up": {"uv": [4.25, 5, 0.75, 4.25], "texture": "#bracket"},
				"down": {"uv": [7.75, 4.25, 4.25, 5], "texture": "#bracket"}
			}
		},
		{
			"from": [11, 1, 10],
			"to": [14, 10, 13],
			"faces": {
				"north": {"uv": [0.75, 0.75, 1.5, 3], "texture": "#bracket"},
				"east": {"uv": [0, 0.75, 0.75, 3], "texture": "#bracket"},
				"south": {"uv": [2.25, 0.75, 3, 3], "texture": "#bracket"},
				"west": {"uv": [1.5, 0.75, 2.25, 3], "texture": "#bracket"},
				"up": {"uv": [1.5, 0.75, 0.75, 0], "texture": "#bracket"},
				"down": {"uv": [2.25, 0, 1.5, 0.75], "texture": "#bracket"}
			}
		},
		{
			"from": [1, 10, 3],
			"to": [15, 13, 6],
			"faces": {
				"north": {"uv": [0.75, 5, 4.25, 5.75], "texture": "#bracket"},
				"east": {"uv": [0, 5, 0.75, 5.75], "texture": "#bracket"},
				"south": {"uv": [5, 5, 8.5, 5.75], "texture": "#bracket"},
				"west": {"uv": [4.25, 5, 5, 5.75], "texture": "#bracket"},
				"up": {"uv": [4.25, 5, 0.75, 4.25], "texture": "#bracket"},
				"down": {"uv": [7.75, 4.25, 4.25, 5], "texture": "#bracket"}
			}
		}
	]
}