{
	"credit": "Made with Blockbench",
	"parent": "block/block",
	"texture_size": [64, 64],
	"textures": {
		"particle": "create:block/metal_bracket",
		"bracket": "create:block/metal_bracket"
	},
	"elements": [
		{
			"from": [-0.01, 0.99, 0.99],
			"to": [3.01, 15.01, 15.01],
			"rotation": {"angle": 0, "axis": "z", "origin": [8, 8, 8]},
			"faces": {
				"north": {"uv": [3.5, 3.5, 7, 4.25], "rotation": 270, "texture": "#bracket"},
				"east": {"uv": [7, 3.5, 3.5, 0], "rotation": 90, "texture": "#bracket"},
				"south": {"uv": [10.5, 3.5, 14, 4.25], "rotation": 90, "texture": "#bracket"},
				"west": {"uv": [10.5, 0, 7, 3.5], "rotation": 90, "texture": "#bracket"},
				"up": {"uv": [7, 3.5, 10.5, 4.25], "rotation": 90, "texture": "#bracket"},
				"down": {"uv": [0, 3.5, 3.5, 4.25], "rotation": 90, "texture": "#bracket"}
			}
		},
		{
			"from": [4, 4, 6],
			"to": [12, 12, 10],
			"rotation": {"angle": 0, "axis": "z", "origin": [8, 8, 8]},
			"faces": {
				"north": {"uv": [8, 7.75, 10, 9.75], "rotation": 270, "texture": "#bracket"},
				"east": {"uv": [10, 7.75, 8, 6.75], "rotation": 90, "texture": "#bracket"},
				"south": {"uv": [11, 7.75, 13, 9.75], "rotation": 90, "texture": "#bracket"},
				"west": {"uv": [12, 6.75, 10, 7.75], "rotation": 90, "texture": "#bracket"},
				"up": {"uv": [10, 7.75, 11, 9.75], "rotation": 90, "texture": "#bracket"},
				"down": {"uv": [7, 7.75, 8, 9.75], "rotation": 90, "texture": "#bracket"}
			}
		},
		{
			"from": [1, 11, 6.5],
			"to": [10, 14, 9.5],
			"rotation": {"angle": 0, "axis": "z", "origin": [8, 8, 8]},
			"faces": {
				"north": {"uv": [0.75, 0.75, 1.5, 3], "rotation": 270, "texture": "#bracket"},
				"east": {"uv": [1.5, 0.75, 0.75, 0], "rotation": 90, "texture": "#bracket"},
				"south": {"uv": [2.25, 0.75, 3, 3], "rotation": 90, "texture": "#bracket"},
				"west": {"uv": [2.25, 0, 1.5, 0.75], "rotation": 90, "texture": "#bracket"},
				"up": {"uv": [1.5, 0.75, 2.25, 3], "rotation": 90, "texture": "#bracket"},
				"down": {"uv": [0, 0.75, 0.75, 3], "rotation": 90, "texture": "#bracket"}
			}
		},
		{
			"from": [1, 2, 6.5],
			"to": [10, 5, 9.5],
			"rotation": {"angle": 0, "axis": "z", "origin": [8, 8, 8]},
			"faces": {
				"north": {"uv": [0.75, 0.75, 1.5, 3], "rotation": 270, "texture": "#bracket"},
				"east": {"uv": [1.5, 0.75, 0.75, 0], "rotation": 90, "texture": "#bracket"},
				"south": {"uv": [2.25, 0.75, 3, 3], "rotation": 90, "texture": "#bracket"},
				"west": {"uv": [2.25, 0, 1.5, 0.75], "rotation": 90, "texture": "#bracket"},
				"up": {"uv": [1.5, 0.75, 2.25, 3], "rotation": 90, "texture": "#bracket"},
				"down": {"uv": [0, 0.75, 0.75, 3], "rotation": 90, "texture": "#bracket"}
			}
		},
		{
			"from": [10, 1, 6.5],
			"to": [13, 15, 9.5],
			"rotation": {"angle": 0, "axis": "z", "origin": [8, 8, 8]},
			"faces": {
				"north": {"uv": [0.75, 5, 4.25, 5.75], "rotation": 270, "texture": "#bracket"},
				"east": {"uv": [4.25, 5, 0.75, 4.25], "rotation": 90, "texture": "#bracket"},
				"south": {"uv": [5, 5, 8.5, 5.75], "rotation": 90, "texture": "#bracket"},
				"west": {"uv": [7.75, 4.25, 4.25, 5], "rotation": 90, "texture": "#bracket"},
				"up": {"uv": [4.25, 5, 5, 5.75], "rotation": 90, "texture": "#bracket"},
				"down": {"uv": [0, 5, 0.75, 5.75], "rotation": 90, "texture": "#bracket"}
			}
		}
	],
	"groups": [
		{
			"name": "group",
			"origin": [0, 0, 0],
			"color": 0,
			"children": [0, 1, 2, 3, 4]
		}
	]
}