{
	"parent": "block/block",
    "ambientocclusion": false,
    "textures": {
        "all": "effectivecrystals:block/purple_crystal_lamp",
        "particle": "effectivecrystals:block/purple_crystal_lamp"
    },
	"elements": [
        {   "from": [ 0, 0, 0 ],
            "to": [ 16, 16, 16 ],
            "shade": false,
            "faces": {
                "down":  { "texture": "#all", "cullface": "down" },
                "up":    { "texture": "#all", "cullface": "up" },
                "north": { "texture": "#all", "cullface": "north" },
                "south": { "texture": "#all", "cullface": "south" },
                "west":  { "texture": "#all", "cullface": "west" },
                "east":  { "texture": "#all", "cullface": "east" }
            }
        }
    ]
}